Molecule,SMILES,zbtb11_100uM,zbtb11_30uM,zbtb11_10uM,zbtb11_3uM,zbtb11_1uM,zbtb11_300nM,zbtb11_100nM,zbtb11_30nM,zbtb11_10nM,zbtb11_3nM,ikzf1_100uM,ikzf1_30uM,ikzf1_10uM,ikzf1_3uM,ikzf1_1uM,ikzf1_300nM,ikzf1_100nM,ikzf1_30nM,ikzf1_10nM,ikzf1_3nM,ipTM_zbtb11,Fraction_Success_Under_10A_zbtb11,OpenMM_Minimized_Energy_kJ_mol_zbtb11,ipTM_ikzf1,Fraction_Success_Under_10A_ikzf1,OpenMM_Minimized_Energy_kJ_mol_ikzf1,Scaled_Energy_zbtb11,Scaled_Energy_ikzf1,True_ZBTB11_AUC,True_IKZF1_AUC,SupCon_Class
Lenalidomide,C1CC(=O)NC(=O)C1N2CC3=C(C2=O)C=CC=C3N,96.40544915,96.47288913,96.54032911,100.0,100.0,100.0,100.0,100.0,100.0,100.0,38.73003463,40.14017648,43.82609181,44.38456383,45.64112588,53.55746677,59.32369038,91.91751368,100.0,100.0,0.9217898786,1.0,-21293.447401999998,0.9429830193519593,1.0,0.0,1.2921291614009238,93.21889664643797,447.85472652888654,275.6648076350161,2
ALV-05-184,CC(NCCC1=CC(Cl)=C(C(F)(F)F)C=C1)(C2=CC=CC(NC3=CC(N(C3=O)C4CCC(NC4=O)=O)=O)=C2)C,43.18871805,45.83292528,56.89942219,59.05396141,66.39898149,67.4762511,78.15101361,92.74312016,100.0,100.0,,,,,,,,,,,0.7371748298,0.05,-21478.221255,0.7356030732393265,1.0,-20547.36530220881,0.34888202438288146,-0.7942632271090333,320.713006236142,320.713006236142,3
JWJ-01-200,CC(NCCC1=CC(Cl)=C(C(F)(F)F)C=C1)(C2=CC=CC(NC3=CC(N(C3=O)C4CCC(NC4=O)=O)=O)=C2)CC,35.25609637,34.08089315,32.61188914,46.02879248,53.08001175,65.41964548,68.74938791,89.11957693,96.95426501,97.73773382,33.63397744,22.05964481,17.82921926,20.44007595,22.00379761,26.19233776,37.85044119,74.15810343,94.975148,100.0,0.7356432616,0.0,-21711.502366,0.73598912358284,1.0,-19876.572723188998,-0.8419885262849963,2.274905449548475,277.7920544548868,192.69156723032404,3
JWJ-01-203,CC(NCCC1=CC(Cl)=C(C(F)(F)F)C=C1)(C2=CC=CC(NC3=CC(N(C3=O)C4CCC(NC4=O)=O)=O)=C2)C,53.17794535,53.17794535,54.94075017,55.43041818,63.26510626,70.41425913,77.85721281,89.02164333,96.3666634,100.0,19.54652072,17.24282363,14.65989054,15.97229979,15.19043896,15.65117838,17.99676086,28.81715626,69.71825087,89.06930638,0.7371748298,0.05,-21478.221255,0.7356030732393265,1.0,-20547.36530220881,0.34888202438288146,-0.7942632271090333,320.28374524961407,126.02085334081707,2
JWJ-01-208,O=C(N(C1=O)C2CCC(NC2=O)=O)C=C1NC3=CC(C(CC)(NCCC4=CC(Cl)=C(C(F)(F)F)C=C4)CC)=CC=C3,28.05503102,46.29754518,65.51793903,73.20609657,77.65713515,80.15241435,91.75209064,100.0,96.877529,97.8216887,27.49078521,24.5588071,27.1277784,31.31631855,38.43683681,52.34279013,60.84552664,71.91025355,98.94029934,100.0,0.7410522817,0.1,-21731.921925,0.7347319006919861,1.0,-20504.17502104905,-0.9462277909493478,-0.5966488494048723,348.63950559359915,236.0704161627049,3
JWJ-01-212,ClC1=C(C(F)(F)F)C=CC(CCNC(C2=CC=CC=C2)C3=CC=CC(NC4=CC(N(C4=O)C5CCC(NC5=O)=O)=O)=C3)=C1,62.08990305,71.68739595,79.32621682,86.2795025,85.00636568,88.72784252,95.8769954,98.42326902,100.0,100.0,32.544957,35.70032391,37.64101419,42.54160617,46.01809449,55.93097286,65.04802859,72.07779515,100.0,100.0,0.7404218556,0.2,-21406.42523,0.733452707529068,1.0,-20323.266869033127,0.7153916464478853,0.2310848657334206,395.04047650969784,262.13138808469813,2
JWJ-01-216,CC(NCCCC1=CC(Cl)=C(C=C1)C(F)(F)F)(C2=CC=CC(NC3=CC(N(C3=O)C4CCC(NC4=O)=O)=O)=C2)C,73.25433356,72.37293115,71.39359514,85.39810009,82.06835765,83.92909607,87.65057291,90.29478014,92.93898737,100.0,50.75114487,75.84748129,65.71819502,17.01943483,18.79258349,19.99329834,23.42790126,34.42980007,74.21395063,99.34519156,0.7380754828,0.0,-21641.541252000003,0.7369894862174988,1.0,-20354.61387282014,-0.484845892672815,0.0876586485400945,378.318714533117,203.96241449684692,2
JWJ-01-218,O=C(N(C1=O)C2CCC(NC2=O)=O)C=C1NC3=CC(S(NCCC4=CC(Cl)=C(C(F)(F)F)C=C4)(=O)=O)=CC=C3,53.47174616,70.61012633,84.90843208,95.48526099,99.01087063,95.19146019,97.73773382,98.91293703,100.0,100.0,51.11415168,50.61152686,76.22444991,91.80581928,98.28409472,100.0,100.0,100.0,100.0,100.0,0.7425063551,0.0,-21940.499348,0.72577805519104,1.0,-20867.938815214806,-2.0109891405508575,-2.2610268966203444,411.0519675690616,397.9701343972705,0
JWJ-01-219,CC(NCCC1=CC(Cl)=C(C(F)(F)F)C=C1)(C2=C(C)C=CC(NC3=CC(N(C3=O)C4CCC(NC4=O)=O)=O)=C2)C,73.32216419,84.35990933,95.98896225,94.8063467,80.12220361,100.0,100.0,100.0,100.0,100.0,17.78733385,17.10320563,22.92527644,25.89913995,30.47861052,39.07907964,54.96760862,83.94532559,100.0,100.0,0.7362814844,0.0,-21675.016959,0.7459409356117248,1.0,0.0,-0.6557351406629099,93.21889664643797,422.95194881546996,217.99336986170212,2
JWJ-01-222,CC(NCCC1=CC(Cl)=C(C(F)(F)F)C=C1)(C2=CC=C(NC3=CC(N(C3=O)C4CCC(NC4=O)=O)=O)C=C2)C,84.68434103,85.06580202,88.11748999,94.41159641,100.0,100.0,100.0,100.0,100.0,100.0,45.82780567,84.85448958,51.87324724,33.45144335,37.33060169,42.30129809,50.26112949,67.07081563,80.52192312,89.82518598,0.7411192835,0.0,-21634.917084444445,0.7403493225574493,1.0,-20441.558750781747,-0.4510303555691571,-0.31015209710873515,432.0812024653462,259.29750712873806,2
JWJ-01-227,CC(NCCC1=CC(Cl)=C(C(F)(F)F)C=C1)(C2=CC(C)=CC(NC3=CC(N(C3=O)C4CCC(NC4=O)=O)=O)=C2)C,55.28727703,56.46989258,83.37439637,100.0,100.0,100.0,97.2701291,100.0,100.0,100.0,65.57624813,70.47977296,59.66514971,73.93910897,79.24566324,86.51698601,96.54234328,96.29044988,96.29044988,94.54398898,0.7337497889,0.0,-21618.494226842104,0.7359596401453018,1.0,0.0,-0.36719374576991537,93.21889664643797,409.1554173107233,371.3466963020335,0
JWJ-01-231,CC(NCCC1=CC(Cl)=C(C(F)(F)F)C=C1)(C2=CC(C)=CC(NC3=CC(N(C3=O)C4CCC(NC4=O)=O)=O)=C2)C,95.49620578,100.0,96.58027003,100.0,100.0,94.51069282,100.0,99.14260373,100.0,100.0,63.69544409,90.46331592,100.0,98.60786915,96.35762145,99.57346051,100.0,94.86305396,94.81267528,97.41557373,0.7337497889,0.0,-21618.494226842104,0.7359596401453018,1.0,0.0,-0.36719374576991537,93.21889664643797,446.22718868265656,429.45976155927985,0
JWJ-01-235,ClC1=CC(CN2CCC(C3=CC(NC(C(N4C5CCC(NC5=O)=O)=O)=CC4=O)=CC=C3)CC2)=CC=C1C(F)(F)F,76.96856214,82.29033212,91.94835912,93.13097467,93.72228245,95.10200059,99.93101409,100.0,100.0,100.0,65.50907656,79.14490588,87.0543586,90.2785941,94.14095955,97.83539606,96.92857983,96.32403567,94.52719609,94.34247426,0.7165150702,0.5,-21534.903159,0.7127098441123962,1.0,-20326.13697167635,0.05952807737863886,0.21795289408243956,424.32903138291437,409.90850205193885,0
JWJ-01-237,O=C(N(C1CCC(NC1=O)=O)C2=O)C=C2NC3=CC=CC(C4CCN(CCC(C=C5)=CC(Cl)=C5C(F)(F)F)CC4)=C3,66.10169492,74.09200969,76.39225182,90.85956416,100.0,100.0,100.0,97.57869249,96.91283293,97.27602906,40.58842298,46.71782901,49.75734269,57.86831013,69.18672018,77.88543888,86.08037079,94.22492401,96.34082856,97.80181027,0.7388173700999999,0.1,-21725.426957777778,0.7446446239948272,1.0,-20593.810242266954,-0.9130718051974789,-1.0067690890909662,410.6310452057099,325.21153788540664,2
JWJ-01-237-BP,O=C(N(C1CCC(NC1=O)=O)C2=O)C=C2NC3=CC=CC(C4CCN(CCC(C=C5)=CC=C5C(F)(F)F)CC4)=C3,89.2251816,84.50363196,87.77239709,94.97578692,97.57869249,98.062954,92.43341404,95.88377724,100.0,97.45762712,53.61970814,52.79685637,53.80442997,60.9246167,62.78862785,76.79390082,80.5890947,92.94866413,95.76987019,93.33490067,0.73893158735,0.25,-21461.4449595,0.7378498882055282,1.0,-20274.16894605905,0.43452288992322013,0.45572928189731654,424.4115632644614,326.6277510988678,2
JWJ-01-238,O=C(N(C1CCC(NC1=O)=O)C2=O)C=C2NC3=CC=CC(C4CCN(CCC(C=C5)=CC=C5C(F)(F)F)CC4)=C3,54.96368039,71.42857143,86.56174334,98.36561743,100.0,95.64164649,100.0,100.0,97.15496368,98.84987893,48.58184017,50.31150817,54.35859544,66.63420041,73.06587852,82.36914138,84.40108146,94.30888848,95.83704176,99.69101076,0.73893158735,0.25,-21461.4449595,0.7378498882055282,1.0,-20274.16894605905,0.43452288992322013,0.45572928189731654,414.7891916371722,339.4075289367085,2
JWJ-01-245,O=C(N1C2CCC(NC2=O)=O)C=C(NC3=CC=C(C4=CN(CC(C=C5)=CC(Cl)=C5C(F)(F)F)N=N4)C=C3)C1=O,56.90072639,68.28087167,76.63438257,96.61016949,92.67554479,92.49394673,89.46731235,93.58353511,89.58837772,97.09443099,61.71388268,73.63683689,79.02735562,83.84691599,84.41787436,84.95524694,85.71092714,96.12252095,92.74714941,95.95459202,0.7167093278000001,0.5,-21635.106818,0.730854046344757,1.0,-20382.979508638382,-0.4519989213600837,-0.04212650959930381,389.92746755005123,381.4531607607003,0
JWJ-01-248,O=C(N1C2CCC(NC2=O)=O)C=C(NC3=CC=C(C4=CN(CCC5=CC(Cl)=C(C(F)(F)F)C=C5)N=N4)C=C3)C1=O,60.27083731,73.24051116,86.973107,100.0,100.0,98.41693687,100.0,100.0,94.41159641,97.27255388,54.64669901,73.71440624,82.42143008,88.05737186,87.51740139,89.94726851,88.74920903,95.48196583,99.8692259,98.51929973,0.7225650668,0.1,-21786.22742625,0.7311887443065643,1.0,-20538.14035966806,-1.2234505026410953,-0.7520550906812171,417.7091210763183,392.92276204039047,0
JWJ-01-251,O=C(N1)CCC(N(C(C(NC2=CC=CC(C(N=N3)=CN3CC4=CC=C(C(F)(F)F)C(Cl)=C4)=C2)=C5)=O)C5=O)C1=O,50.0,66.10169492,80.14527845,86.07748184,87.59079903,93.82566586,100.0,97.03389831,95.82324455,96.73123487,45.56844548,57.65028475,63.58995992,65.88483442,69.25964986,78.69225902,82.89390424,93.27146172,94.89137313,97.37186248,0.7108582617,0.3,-21712.721195,0.708030641078949,1.0,-20466.655475791544,-0.8482104940910274,-0.42498056226454806,391.66035347113007,340.4370879680549,2
JWJ-01-252,CC(NCCC1=CC=CC=C1)(C2=CC=CC(NC3=CC(N(C3=O)C4CCC(NC4=O)=O)=O)=C2)CC,69.2351707,87.354568,93.07648293,98.79839786,100.0,100.0,96.31890139,96.70036239,100.0,95.9374404,36.92891795,43.52668213,44.25226745,46.66526049,49.68572031,59.69204809,71.55452436,84.21008226,94.63826197,96.41004008,0.7336141706,0.0,-21557.751493,0.7334019064903259,0.6,-20460.6837271899,-0.05710977630691606,-0.39765720728673243,429.3069801083226,281.97247706585705,2
JWJ-01-254,O=C(N1)CCC(N(C(C(NC2=CC=CC(C(N=N3)=CN3CCC(C=C4Cl)=CC=C4C(F)(F)F)=C2)=C5)=O)C5=O)C1=O,76.67366012,81.44192256,93.83940492,97.84474537,100.0,100.0,100.0,98.22620637,100.0,100.0,24.31554524,26.31512339,27.59755326,29.33558321,28.01940519,31.7823244,40.11811854,54.42733601,75.45243619,90.45349082,0.7216527403999999,0.0,-21661.902523333334,0.7239474773406982,1.0,-20728.058859601617,-0.5887876061749528,-1.621015078231457,431.8655904738152,186.52908488104333,2
JWJ-01-259,CC(NCCC1=CC=C(C(F)(F)F)C=C1)(C2=CC=CC(NC3=CC(N(C3=O)C4CCC(NC4=O)=O)=O)=C2)CC,54.35819187,57.98207133,59.50791532,67.70932672,65.99275224,79.72534808,98.60766737,90.40625596,100.0,100.0,38.05948112,25.50516769,28.13752373,30.2299093,31.88356887,36.23708078,46.22653449,69.95148703,87.39928285,96.46066231,0.7352816999,0.1,-21621.093891,0.7312345385551453,1.0,-20478.485841467977,-0.38046470231669755,-0.47910964613212514,350.3209773543636,212.95413927580472,2
JWJ-01-260,CC(NCCC1=CC=C(OC)C=C1)(C2=CC=CC(NC3=CC(N(C3=O)C4CCC(NC4=O)=O)=O)=C2)CC,74.19416365,85.25653252,91.35990845,98.03547587,100.0,100.0,100.0,100.0,99.17985886,100.0,27.05758279,33.82408775,38.98755537,37.77262181,40.69183717,47.45834212,59.96203333,75.87428812,86.85931238,93.60894326,0.7339664279,0.0,-21731.741587,0.7232588768005371,0.9,-20238.57965381278,-0.9453071882805603,0.6185658194545324,432.4571007122349,242.26201989418058,2
JWJ-01-261,CC(NCCC1=CC=C(C)C=C1)(C2=CC=CC(NC3=CC(N(C3=O)C4CCC(NC4=O)=O)=O)=C2)CC,73.04978066,78.5809651,92.12283044,99.37058936,94.03013542,97.84474537,100.0,98.98912836,100.0,100.0,27.14195317,32.54165788,34.66779161,36.62518456,40.40497785,46.42902341,54.74794347,76.98797722,86.994305,98.0974478,0.7302948653,0.1,-21441.25883,0.7239433705806733,0.4,-20348.186787188053,0.5375705265298552,0.11706536906914657,425.7112231162692,237.4419409194274,2
JWJ-01-265,CC(NCCC1=CC=C(OC)C(Cl)=C1)(C2=CC=CC(NC3=CC(N(C3=O)C4CCC(NC4=O)=O)=O)=C2)CC,61.98741179,79.34388709,83.15849704,100.0,100.0,99.94278085,100.0,100.0,100.0,100.0,26.43324193,26.36574562,24.16367855,23.63214512,25.31955284,31.36047247,31.98481333,51.65998734,77.47732546,84.75005273,0.7304583014,0.0,-21336.358384,0.7305104196071625,1.0,-20234.248537431657,1.0730740285400349,0.6383825663114006,423.57246980398224,175.04955116897742,2
JWJ-01-266,CC(NCCC1=CC=C(Cl)C(C(F)(F)F)=C1)(C2=CC=CC(NC3=CC(N(C3=O)C4CCC(NC4=O)=O)=O)=C2)CC,30.70761015,33.56856761,33.75929811,37.76463857,57.40987984,56.83768835,65.22983025,88.49895098,100.0,100.0,27.52053742,28.07506753,23.79726379,26.17382143,28.26519214,34.77696007,45.0912202,70.40155902,87.67121117,93.66013641,0.7407874703,0.0,-21660.545284,0.739989984035492,1.0,-19734.451475657523,-0.5818590711326282,2.9251721562083404,270.7065424519118,203.8075470172281,3
JWJ-01-267,CC(NCCC1=CC=CC(Cl)=C1)(C2=CC=CC(NC3=CC(N(C3=O)C4CCC(NC4=O)=O)=O)=C2)CC,68.28151821,72.28685867,94.98378791,95.5559794,94.22086592,100.0,100.0,100.0,100.0,100.0,33.30349433,31.43393566,35.39486505,41.3045717,42.49285052,51.19897333,62.93916805,79.6701338,94.9117901,95.56138252,0.7397837937,0.1,-21426.01733,0.7363321006298065,0.9,-20493.974731659888,0.6153764552662138,-0.54997807565868,422.5191604977575,253.36349666401662,2
JWJ-01-272,CC(NCCC1=CC(C(F)(F)F)=CC(C(F)(F)F)=C1)(C2=CC=CC(NC3=CC(N(C3=O)C4CCC(NC4=O)=O)=O)=C2)CC,38.00724447,49.92388052,73.70465641,96.38301223,98.48285999,93.86319492,98.22037902,100.0,100.0,100.0,43.11075551,41.95416413,49.06007146,58.78811404,65.58506888,75.40817377,81.30203671,92.94716912,94.46816601,95.814882,0.7399889231000001,0.1,-21243.115639,0.74580517411232,1.0,-20370.440239451826,1.5490664421904219,0.015246117080304482,391.36951895903525,316.07711357424995,2
JWJ-01-273,CC(NCCC1=CC=C(C(F)(F)F)C=C1C(F)(F)F)(C2=CC=CC(NC3=CC(N(C3=O)C4CCC(NC4=O)=O)=O)=C2)CC,48.03401753,54.96351515,71.55231246,84.67636096,92.39330149,99.42779149,96.85547798,99.63777626,99.53278387,100.0,29.45347096,33.38271292,36.47223785,40.36979237,47.62621502,58.566302,72.7305855,85.13621636,96.19513123,99.45893704,0.7425270558,0.0,-21763.82366222222,0.7413450121879578,1.0,-20523.47869914025,-1.109082122404799,-0.6849715977399327,388.221580502447,268.94237569805347,2
JWJ-01-274,CC(NCCC1=CC(Cl)=C(Cl)C=C1)(C2=CC=CC(NC3=CC(N(C3=O)C4CCC(NC4=O)=O)=O)=C2)CC,43.72932962,41.99695522,52.18121686,69.03249514,69.29497611,73.75715261,83.57394089,94.44065305,100.0,100.0,34.84033494,27.36210024,27.06106961,28.02753638,32.44793358,40.60744813,55.99961975,78.68782331,94.11960422,98.95193808,0.7358696043,0.0,-21481.259238,0.7366345882415771,1.0,-20489.885487553478,0.33337350561503454,-0.5312679999733787,329.71520070584484,227.13513553245096,3
JWJ-01-275,CC(NCCC1=CC=CC(C(F)(F)F)=C1Cl)(C2=CC=CC(NC3=CC(N(C3=O)C4CCC(NC4=O)=O)=O)=C2)CC,37.27229776,54.28106462,63.88786813,79.0592682,83.15397134,85.56879626,91.81584335,92.91826343,95.38558455,100.0,29.78618903,28.10675497,28.24934843,29.69112673,34.0006179,41.01938479,56.07883834,73.1742096,91.06176673,90.82411097,0.7384752035,0.0,-21581.172127,0.7321382403373718,1.0,-19671.89043853581,-0.17666914906973283,3.2114161927684015,358.92371334724885,222.22330491094257,2
JWJ-01-276,CC(NCCC1=CC=C(C(F)(F)F)C=C1Cl)(C2=CC=CC(NC3=CC(N(C3=O)C4CCC(NC4=O)=O)=O)=C2)CC,47.66654418,44.62176492,56.80088194,78.63929865,78.11433671,83.94141425,92.60328626,92.39330149,100.0,100.0,47.11921605,25.55591644,28.47116047,34.74527263,41.08275966,53.16359431,72.41371115,85.78580878,97.12991056,100.0,0.7351111173,0.0,-21550.25346,0.7349324941635131,1.0,-18389.99345730543,-0.018833266694289384,9.076654098714126,352.16299078036093,257.6368225474255,3
JWJ-01-277,O=C(N(C1=O)C2CCC(NC2=O)=O)C=C1NC3=CC(C4(CCC4)NCCC5=CC(Cl)=C(C(F)(F)F)C=C5)=CC=C3,33.48394929,36.08038845,40.90234691,43.86970596,48.65794443,57.82978149,74.21769625,84.60345293,93.37065012,94.71944969,19.88386555,17.98261944,16.65174717,17.74496368,18.01430688,19.07583595,25.90447823,43.65736376,67.62890845,91.80642146,0.7421597899,0.0,-21633.310552000003,0.7359674632549286,1.0,-20410.21863759905,-0.44282921074187986,-0.16675740743612377,273.2833994696685,142.53035034589482,3
JWJ-01-279,O=C(N(C1=O)C2CCC(NC2=O)=O)C=C1NC3=CC(C4(CCCC4)NCCC5=CC(Cl)=C(C(F)(F)F)C=C5)=CC=C3,46.40663552,40.00209985,49.45141477,54.07107985,59.95065358,67.87757888,74.43960313,86.82870492,100.0,99.2703029,25.61473769,20.02402883,17.62114537,19.28714457,20.58470164,25.10212255,39.5835002,68.37805366,89.69963957,98.7505006,0.7429389298,0.0,-21749.740864,0.7346055746078491,1.0,-20462.724627035856,-1.037191219613952,-0.4069952144074424,304.39625487866533,182.6541380717827,3
JWJ-01-287,O=C(N(C1=O)C2CCC(NC2=O)=O)C(C)=C1NC3=CC(C4(CCC4)NCCC5=CC(Cl)=C(C(F)(F)F)C=C5)=CC=C3,50.56218528,74.49817204,89.0529075,89.32882665,98.29619921,97.95130027,98.50313858,97.33048217,100.0,98.91701731,49.29114938,66.12735282,87.88946736,94.72967561,98.22186624,97.38886664,98.04565479,98.63836604,99.50340408,95.80296356,0.7352538168,0.0,-21632.56587111111,0.7212940633296967,1.0,-20323.930102856622,-0.4390277090410954,0.22805028166072908,411.56026215788233,408.2056406508154,0
JWJ-01-296,O=C(N(C1=O)C2CCC(NC2=O)=O)C=C1NC3=CC(C4(CCC4)NCC(C)(C)C5=CC(Cl)=C(C(F)(F)F)C=C5)=CC=C3,63.18548665,67.8761123,68.35897082,75.39490929,88.84596813,96.01986618,94.36435125,94.98516935,94.84720977,96.64068428,27.92150581,29.13896676,31.670004,38.83059672,53.76051262,74.03283941,87.74529435,97.7092511,96.74809772,99.40728875,0.7482641755999999,0.0,-21636.033233000002,0.740770697593689,1.0,-20444.94435610473,-0.4567281527002029,-0.3256427184033352,382.1311324044196,288.1065415087954,2
JWJ-01-297,O=C(N(C1=O)C2CCC(NC2=O)=O)C(C)=C1NC3=CC(C4(CCC4)NCC(C)(C)C5=CC(Cl)=C(C(F)(F)F)C=C5)=CC=C3,63.39242602,75.60184866,79.32675726,96.01986618,100.0,97.67538111,96.5027247,97.88232048,99.53783541,94.22639167,62.17861434,69.88386063,98.35002002,100.0,100.0,100.0,100.0,100.0,100.0,100.0,0.7414903938,0.0,-21567.823891,0.7335736691951752,1.0,-20322.152802847326,-0.10852809346679239,0.23618220453549763,412.48113171315873,426.5168155137015,0
JWJ-01-300,O=C(N(C1=O)C2CCC(NC2=O)=O)C=C1NC3=CC(C(CC)(CC)NCCC4=CC(C(F)(F)F)=C(Cl)C=C4)=CC=C3,22.39007284,42.79066631,60.79714054,72.73401673,82.64769355,82.37793364,94.65200971,97.34960885,97.8216887,97.75424872,34.60152183,31.25350421,36.79615539,38.94273128,50.06007209,66.92030437,85.4865839,92.69523428,97.85342411,100.0,0.7443565072,0.0,-21422.123616666664,0.7425028145313263,1.0,-20365.086292821168,0.6352533690957745,0.0397427585299179,346.9958350699251,285.1941422386472,3
JWJ-01-301,O=C(N(C1=O)C2CCC(NC2=O)=O)C=C1NC3=CC(C(CC)(CNCC4=CC=CC=C4)CC)=CC=C3,72.29622472,79.81917317,88.58444337,90.72399752,89.20560425,91.6212299,98.59203534,96.38346332,97.69480295,99.48926772,39.1670004,46.74409291,49.05086103,53.66439728,61.88225871,71.53384061,81.20945134,92.16659992,97.11653985,97.51702042,0.7347169399,0.0,-21613.052596,0.7268525660037994,1.0,-20368.410672256352,-0.3394149089421635,0.0245322723812792,411.2238662821961,312.41860547811655,2
JWJ-01-303,O=C(N(C1=O)C2CCC(NC2=O)=O)C=C1NC3=CC(C(CC)(CNCC4=CC=C(Cl)C(C(F)(F)F)=C4)CC)=CC=C3,80.50935192,77.95569052,86.85899648,96.31444544,97.62578508,98.86810684,100.0,97.90185658,99.69632135,100.0,56.5959151,63.29195034,69.06688026,73.29595515,78.55026031,91.50981177,95.99519423,94.93792551,100.0,100.0,0.7436688542,0.0,-21440.787432999998,0.7456902921199798,1.0,-20358.045683160424,0.5399769485610609,0.07195661913479093,424.8028528666482,374.2643265867571,0
JWJ-01-304,O=C(N(C1=O)C2CCC(NC2=O)=O)C=C1NC3=CC(C4(CCC4)CNCC5=CC=C(Cl)C(C(F)(F)F)=C5)=CC=C3,62.63372213,78.71488716,86.44488923,87.61819311,88.92953275,86.65194285,88.44640762,88.65346125,98.86810684,100.0,18.32599119,17.86143372,20.31237485,19.12695234,20.98518222,27.55306368,40.73688426,66.01521826,85.63075691,92.83940729,0.7441774131,0.1,-21465.020486666665,0.7422026038169861,1.0,-20348.332556840447,0.4162702762090602,0.11639840931865489,394.68256868880275,178.17394515790554,2
JWJ-01-306,O=C(N(C1=O)C2CCC(NC2=O)=O)C=C1NC3=CC(C4(CCC4)NCCC5=CC(C(F)(F)F)=C(Cl)C=C5)=CC=C3,35.3048287,34.29322903,44.81386566,50.54626383,54.12058268,66.46209873,71.11545724,88.78473159,95.73104937,97.28216887,18.68259722,16.19158425,16.02750556,15.90817559,17.93678495,22.65031846,35.10538327,59.04595695,81.54711296,89.18423055,0.7406882642999999,0.0,-21704.115468,0.7372262239456177,1.0,-20373.63780686855,-0.8042793467835826,0.0006158512367902821,287.5971005299444,160.40704677587394,3
JWJ-01-308,ClC1=C(C(F)(F)F)C=C(CN(CCC2)C2C3=CC(NC4=CC(N(C4=O)C5CCC(NC5=O)=O)=O)=CC=C3)C=C1,67.39595555,74.43577887,76.64435089,81.26854855,99.5582856,99.07516047,99.90337497,95.76230244,99.42024984,96.7285527,35.67220059,39.86366552,45.21859757,47.02346325,51.03593323,57.30075625,73.522173,85.29109053,92.39122328,93.286198,0.7411841332,0.0,-21584.350415,0.7486981630325318,1.0,-20350.238909123673,-0.19289390710742968,0.10767601599268747,405.94263428675623,279.5382541390505,2
JWJ-01-310,ClC1=C(C(F)(F)F)C=C(CN2CCCC(C3=CC=C(C=C3)NC(C(N4C5CCC(NC5=O)=O)=O)=CC4=O)C2)C=C1,66.15363379,84.78846021,86.37587135,86.30685348,94.03685555,93.76078404,98.66105321,98.45399959,95.90033819,98.66105321,59.0608732,68.6818514,78.93677004,81.56202921,79.3544249,85.09717934,93.68893662,92.62988321,100.0,97.58207664,0.7155534862999999,0.9,-21345.37618,0.7298134207725525,1.0,-20484.07635489106,1.0270393211336102,-0.5046886838573765,412.2311561811658,380.928171894675,0
JWJ-01-318,O=C(N1)CCC(N2C(C(NC3=CC(C4(CCC4)NCC5=CC=C(C=O)C=C5)=CC=C3)=CC2=O)=O)C1=O,35.49256914,54.61842353,85.47062143,90.29911582,100.0,96.88342635,98.63924249,100.0,97.44779582,100.0,55.54878049,58.31300813,61.54471545,64.81707317,66.8597561,68.94308943,77.01727642,89.20223577,94.67479675,94.54268293,0.7279568971,0.0,-21495.588947,0.7218113362789154,0.9,-20346.476205086707,0.2602221545494004,0.12489202840991522,397.1024049933663,329.9257936451696,2
JWJ-01-322,O=C(N1)CCC(N2C(C(NC3=CC(C4(CCC4)NCC5=CC=C(S(=O)(F)=O)C=C5)=CC=C3)=CC2=O)=O)C1=O,31.85552141,64.71436634,88.16705336,94.62594845,100.0,98.63924249,100.0,98.70195021,96.00551828,98.32570389,33.53150407,70.42682927,86.2754065,96.56504065,92.77947154,98.16056911,100.0,100.0,100.0,100.0,0.7209928632,0.0,-21564.193281,0.7187593638896942,0.4,-20425.89702618122,-0.08999428885900959,-0.23849287476520417,404.4615374369605,407.01405118675893,0
JWJ-01-323,O=C(N1)CCC(N2C(C(NC3=CC(C4(CCC4)NCC5=CC(S(=O)(F)=O)=CC=C5)=CC=C3)=CC2=O)=O)C1=O,36.24506177,74.81030915,96.88342635,97.76133442,100.0,100.0,100.0,100.0,100.0,100.0,60.68089431,82.61686992,89.3445122,94.79674797,95.16260163,98.85670732,100.0,100.0,99.10060976,97.74898374,0.7323320746,0.0,-21519.831065,0.7262240946292877,0.2,-20430.552855417132,0.13646920992280517,-0.25979532458599053,420.34735843446987,421.3588323248505,0
JWJ-01-324,O=C(N1)CCC(N2C(C(NC3=CC(C4(CCC4)NCC5=CC(C=O)=CC=C5)=CC=C3)=CC2=O)=O)C1=O,39.44315545,72.86636985,90.61265442,91.92951652,98.57653477,99.51715056,96.69530319,97.76133442,100.0,99.642566,60.39634146,54.11585366,57.23577236,58.52642276,60.18292683,68.62804878,77.08841463,84.79166667,88.55182927,93.81605691,0.7282032846,0.0,-21349.736452,0.7231648564338684,0.8,-20339.007519224288,1.0047806843522387,0.15906452438210802,410.3419156240933,314.87766016318864,2
JWJ-01-334,O=C(N(C1=O)C2CCC(N(C)C2=O)=O)C=C1NC3=CC=CC(C4(CCC4)NCCC5=CC(C(F)(F)F)=C(Cl)C=C5)=C3,60.15299026,81.53685675,95.27121001,100.0,100.0,95.44506259,100.0,100.0,100.0,100.0,92.38328274,98.52255398,98.87561111,97.79682543,98.51274683,99.22866824,98.11065399,98.16949684,98.37544684,98.99329682,0.642309922,0.0,-21627.048061666665,0.6258458256721496,1.0,-20231.443621050566,-0.41085999008854307,0.6512162823761561,427.9968619750215,443.82937452818777,0
JWJ-01-368,O=C(N(C1=O)C2CCC(NC2=O)=O)C=C1NC3=CC(C4(CCC4)NCCC5=CC(Cl)=CC=C5)=CC=C3,49.89568846,81.1891516,90.57719054,96.48817803,100.0,96.31432545,96.48817803,100.0,100.0,100.0,13.0238853,12.20008532,13.16118529,14.10267098,21.85031358,36.8846631,51.67383405,72.00404054,97.88508971,98.49313255,0.7371195794000001,0.0,-21389.060036000003,0.7316079378128052,1.0,-20333.378371439874,0.8040387643074719,0.18482033116435212,419.7171465774486,189.0358804704065,2
JWJ-01-370,O=C(N(C1=O)C2CCC(NC2=O)=O)C=C1NC(C=C3)=CC=C3C4(CCC4)NCCC5=CC(C(F)(F)F)=C(Cl)C=C5,38.59527121,49.72183588,91.09874826,99.26981919,95.79276773,100.0,97.35744089,100.0,100.0,99.26981919,,,,,,,,,,,0.7462843179,0.0,-21538.295932,0.7387855648994446,1.0,-20242.87825973332,0.04220840055833856,0.5988978221372502,402.66366871815615,402.66366871815615,0
JWJ-01-371,O=C(N(C1=O)C2CCC(NC2=O)=O)C=C1NC3=CC(C4(CCC4)NCCC5=CC=C(Cl)C=C5)=CC=C3,43.63699583,64.49930459,80.31988873,80.49374131,84.14464534,92.83727399,96.14047288,95.27121001,95.96662031,97.18358832,,,,,,,,,,,0.7357975364,0.0,-21575.61198777778,0.7307776987552643,1.0,-20499.727638638018,-0.1482853419583238,-0.5763001347410904,381.65262375499805,381.65262375499805,0
JWJ-01-458,CSC1=CC=C(C2(CCCC2)NC(NC3=CC(C4)=C(C=C3)C(N4C(C(N5)=O)CCC5=O)=O)=O)C=C1,38.11018552,48.29168176,50.46480744,48.41241096,49.90140448,54.931788,57.5878305,65.67668719,77.34717695,94.28950863,15.99214421,15.40095592,14.2085592,15.7416407,17.46510486,18.64748144,21.2126374,28.42713855,46.77401577,73.35744847,0.9143369554999999,1.0,-21535.315205,0.748442006111145,1.0,-20540.964358192683,0.05742463469176958,-0.7649761158770555,260.92138661632623,112.2982683759138,2
JWJ-01-472,O=C1N(C2CCC(NC2=O)=O)CC3=CC(CC(NC4(CCCC4)C5=CC=C(SC)C=C5)=O)=CC=C31,100.0,97.75207537,98.35836209,98.40499953,96.58613935,98.8247365,100.0,100.0,100.0,100.0,75.80385956,75.74784898,71.59444892,72.97317093,75.47210458,79.30236666,84.48119122,92.34852369,93.86942641,93.95990504,0.9005386709,1.0,-21401.386712,0.7465971231460571,1.0,-20156.666231405736,0.7411126432293669,0.9933554610109111,447.25103094803376,367.27747280905726,0
JWJ-01-522,O=C(C(CC1)N2C(C(NC3=CC(C4(CCC4)N(C)CCC5=CC=C(Cl)C(C(F)(F)F)=C5)=CC=C3)=CC2=O)=O)NC1=O,43.45001218,42.80029237,54.251604,65.21562576,67.89571997,78.69731178,81.21497604,89.01161374,88.28067896,100.0,19.23803635,17.52894294,18.44790271,21.56549521,29.81036793,44.6253736,62.36902676,84.14064379,94.7387406,100.0,0.7409606517,0.0,-21431.93343222222,0.7420831382274627,1.0,-20241.451596836745,0.5851755020858064,0.6054254272588118,321.18739249956377,217.78676418818964,3
JWJ-01-533,O=C1CCC(N2C(C(C=CC(C(NCC3(CCCC3)C4=CC=C(SC)C=C4)=O)=C5)=C5C2)=O)C(N1)=O,98.17181233,100.0,95.79330286,97.65880049,96.865964,95.97985263,99.85076019,97.89198769,100.0,96.58613935,85.61432837,86.31230639,81.00853515,80.62507809,80.77156731,87.25156076,88.41916596,88.38900642,90.90948259,90.93102512,0.9059523284000001,1.0,-21256.632694,0.761513477563858,1.0,-20330.026002123952,1.4800635869559993,0.2001588832277202,442.9377306339035,387.99925779396244,0
JWJ-01-534,O=C1CCC(N2C(C(C=CC(NC(NCC3(CCCC3)C4=CC=C(SC)C=C4)=O)=C5)=C5C2)=O)C(N1)=O,73.54724373,100.0,98.87137394,99.47766067,97.79871281,100.0,100.0,100.0,100.0,100.0,56.14845389,60.12089669,61.5685548,76.81205003,86.27352983,92.10724734,94.98963804,95.22229738,100.0,100.0,0.9090421258999999,1.0,-21503.608338,0.7674486637115479,1.0,-20333.54626197815,0.21928417832298994,0.18405215871089903,443.4459562342017,374.3704608787339,0
JWJ-01-535,O=C1CCC(N2C(C(C=CC(CNC(NC3(CCCC3)C4=CC=C(SC)C=C4)=O)=C5)=C5C2)=O)C(N1)=O,73.59388117,92.80850667,98.8247365,98.8247365,100.0,99.80412275,100.0,100.0,100.0,100.0,31.85278696,33.20565793,32.96007307,36.4068781,41.12038397,48.69042951,56.06228377,70.73705617,88.83278256,92.6975127,0.7818964839,0.7,-21595.161272,0.7500153422355652,1.0,-20462.744717846315,-0.2480819640126548,-0.4070871386297437,440.51532659725683,236.57012474525544,2
JWJ-01-538,O=C1CCC(N2C(C(C=CC(NC(N(C)CC3(CCCC3)C4=CC=C(SC)C=C4)=O)=C5)=C5C2)=O)C(N1)=O,83.34110624,83.71420576,87.67838821,91.54929577,94.90719149,95.6067531,95.18701614,100.0,98.96464882,99.43102323,83.37821361,83.29204348,82.94736298,88.66475082,88.5139531,93.48166084,88.01416637,88.28129376,93.86942641,95.93750942,0.7582237422,0.0,-21558.650664,0.7521720826625824,1.0,-20107.24712512195,-0.061699930474673335,1.2194694309302507,421.5875805097445,400.41251901348147,0
JWJ-01-539,O=C1N(C2CCC(NC2=O)=O)CC3=CC(CC(N(C)CC4(CCCC4)C5=CC=C(SC)C=C5)=O)=CC=C31,85.54083885,97.68211921,97.08425313,99.84363503,100.0,100.0,100.0,100.0,100.0,100.0,96.98769378,99.61532759,99.64827598,99.60297194,99.77183242,99.50412679,99.42175582,99.5988534,99.65239452,99.4711784,0.760827005,0.0,-21537.875521,0.7376592278480529,1.0,-20047.47510420117,0.04435454551165122,1.4929525016861018,445.8126841930747,449.76985352233424,0
JWJ-01-540,O=C1CCC(N2C(C(C=CC(NC(NC3(CCCC3)C4=CC=C(OC)C=C4)=O)=C5)=C5C2)=O)C(N1)=O,73.95143488,71.14606328,69.95033113,73.67549669,75.42310522,78.7343635,83.28734364,91.84142752,96.25643856,100.0,23.83403898,26.89412036,27.70547437,28.66097758,29.20462595,31.638688,38.74730235,49.80560452,68.38849442,82.89814006,0.9066799641,1.0,-21509.384708,0.7633802235126496,1.0,-20492.396321994067,0.18979654045433608,-0.542756162869559,365.6350387748844,178.4266377037358,2
JWJ-01-541,O=C1CCC(N2C(C(C=CC(NC(NC3(CCC3)C4=CC=C(SC)C=C4)=O)=C5)=C5C2)=O)C(N1)=O,74.18138337,66.96100074,71.14606328,69.85835173,79.60816777,80.06806475,80.11405445,93.22111847,95.38263429,99.98160412,21.77888338,21.67180112,22.53257772,23.72283817,24.32002768,25.3620204,30.22190738,38.67728703,57.54435677,76.95095633,0.9163188873999999,1.0,-21429.974808,0.7591018497943878,1.0,-20543.73231701702,0.5951740308825425,-0.7776407349972421,363.71278992652316,147.83827548964683,2
BML-01-020-U,O=C1CCC(N2C(C(C=CC(CNC(NC3(CCCC3)C4=CC=C(S(C)=O)C=C4)=O)=C5)=C5C2)=O)C(N1)=O,100.0,95.70456218,100.0,96.80831494,100.0,98.69389257,99.47571744,98.87785136,100.0,100.0,49.74794484,57.37137774,68.21139685,80.60822721,99.58649775,99.60709049,100.0,99.42999292,99.30231792,99.73476549,0.7757373750000001,0.6,-21446.858235555555,0.7611380994319916,1.0,-20517.91443030834,0.5089862697558104,-0.6595126404682934,447.06804377303376,391.1391164492273,0
BML-01-020-L,O=C1CCC(N2C(C(C=CC(CN(C)C(NC3(CCCC3)C4=CC=C(S(C)=O)C=C4)=O)=C5)=C5C2)=O)C(N1)=O,96.25643856,98.60191317,95.1986755,97.68211921,100.0,99.52170714,96.07247976,96.34841795,96.07247976,98.60191317,45.07339253,48.52885455,57.7090987,70.82255647,93.12861403,99.66886872,99.66886872,99.3517405,99.75947678,99.31467356,0.7604517997,0.0,-21723.141916,0.7477653682231903,1.0,-20499.488990271093,-0.9014069560867394,-0.5752082143540573,440.6925414749885,372.0677646502968,0
JWJ-01-550,O=C1C2=CC=C(NC(N(CCCC3=CC=C(OC)C=C3)C)=O)C=C2CN1C4CCC(NC4=O)=O,99.56503605,99.08836322,99.50545195,100.0,99.44586784,100.0,100.0,100.0,100.0,100.0,76.62078201,78.00390788,77.99293069,81.8129926,83.69009199,87.88337834,91.63757711,97.17008057,100.0,100.0,0.7580618145,0.1,-21424.344928,0.7609566390514374,1.0,-20334.812117031215,0.6239138558390284,0.17826031962446656,451.1939993308247,395.2711060339104,0
JWJ-01-552,O=C1CCC(N2C(C(C=CC(NC(N(CC3)CCC3C4=CC=CC(OC)=C4)=O)=C5)=C5C2)=O)C(N1)=O,100.0,100.0,100.0,100.0,100.0,100.0,100.0,100.0,100.0,100.0,73.97527937,73.41544271,75.21570177,80.37498079,79.41996531,94.00865003,97.65307691,100.0,100.0,100.0,0.759157592,0.3,-21574.771987,0.7675481796264648,1.0,-20570.929203137755,-0.14399724428720906,-0.9020783534132862,452.28787452803374,395.5278966533909,0
JWJ-01-553,O=C1CCC(N2C(C(C=CC(NC(N3CC(C4=CC=C(OC)C=C4)CC3)=O)=C5)=C5C2)=O)C(N1)=O,91.69993446,95.87082166,95.69206936,95.75165346,100.0,100.0,100.0,100.0,100.0,100.0,73.23980768,86.51122966,86.8844541,98.7947046,96.78587894,100.0,100.0,100.0,100.0,100.0,0.7579461992,0.1,-21573.450510000002,0.7640720903873444,1.0,-20323.336401738226,-0.13725127143095764,0.23076672327452885,443.7751828403839,429.7798402861627,0
JWJ-01-555,O=C1C2=CC=C(NC(N(CCCC3=CC=C(OC)C=C3)C4CCCC4)=O)C=C2CN1C5CCC(NC5=O)=O,72.335101,90.15074778,95.09622833,100.0,100.0,100.0,100.0,100.0,100.0,100.0,41.68038815,56.98259018,70.26498935,73.65694088,77.20257305,84.03038486,94.90877956,100.0,99.78265165,100.0,0.789266312,0.6,-21531.399226,0.7633178472518921,1.0,-20645.100681701304,0.07741521193199453,-1.2414452245275434,437.6786687443201,365.4552865583516,0
JWJ-01-556,O=C1C2=CC=C(NC(N(CCC3=CC=C(SC)C=C3)C4CCCC4)=O)C=C2CN1C5CCC(NC5=O)=O,91.34242984,92.17660728,93.78537806,100.0,100.0,100.0,100.0,100.0,100.0,100.0,77.03791521,83.73400075,87.74067488,93.28415552,94.73314453,93.64640278,100.0,100.0,100.0,100.0,0.8630935491,1.0,-21418.138291,0.7607882976531982,1.0,-20093.440629790723,0.6555979522937336,1.2826401700385182,443.00543748681514,422.85387071602577,0
JWJ-01-557,O=C1C2=CC=C(NC(CN(CCCC3=CC=C(OC)C=C3)C4CCCC4)=O)C=C2CN1C5CCC(NC5=O)=O,96.91182446,90.30881755,91.07070297,94.01665989,95.48963836,99.4514425,100.0,100.0,100.0,100.0,20.93384578,23.57101971,21.18938589,24.42963448,23.66301415,25.87088069,26.31040968,38.42301088,60.30746586,79.12543953,0.7601470232,0.0,-21367.940412,0.7693502247333527,1.0,-20137.665469205378,0.911851772205834,1.0802922370008456,436.6491344872534,148.04184744827003,2
JWJ-01-558,O=C1C2=CC=C(NC(N(CCC3=CC=C(OC)C=C3)CC)=O)C=C2CN1C4CCC(NC4=O)=O,90.41040228,100.0,100.0,100.0,100.0,100.0,100.0,100.0,100.0,100.0,78.17483032,90.2567667,90.47142039,93.12903753,97.41188977,100.0,100.0,100.0,100.0,100.0,0.7565810084,0.2,-21388.919897,0.770524388551712,1.0,-20373.907005783916,0.8047541561683389,-0.0006158512367736368,449.78077611624536,432.2164730541294,0
JWJ-01-561,O=C1CCC(N2C(C(C=CC(NC(N3CC(CCC3)C4=CC=C(OC)C=C4)=O)=C5)=C5C2)=O)C(N1)=O,86.65176757,95.08329947,96.40390085,100.0,100.0,100.0,100.0,100.0,100.0,100.0,66.29732603,72.38940224,74.43372312,86.5258811,86.50543789,90.7167389,93.31302641,100.0,100.0,100.0,0.7559691369,0.1,-21733.686757,0.7660559475421905,1.0,-20454.3604616642,-0.9552370349754412,-0.36872550903506296,444.5417211756794,395.4187734190208,0
JWJ-01-562,COC1=CC=C(N2CCN(C(NC3=CC(C4)=C(C=C3)C(N4C(C(N5)=O)CCC5=O)=O)=O)CC2)C=C1,100.0,100.0,85.38195855,93.71190573,98.33401056,99.70540431,100.0,100.0,100.0,100.0,93.37435604,93.91610107,93.54812331,96.93147436,96.49194538,96.84970153,100.0,100.0,100.0,100.0,0.7546945751,0.0,-21491.551282,0.7848109841346741,1.0,-20277.670220136642,0.2808339234206581,0.439709425590851,440.8545141030338,439.4243431527943,0
JWJ-01-563,O=C1C2=CC=C(NC(CN(CC3)CCN3C4=CC=C(OC)C=C4)=O)C=C2CN1C5CCC(NC5=O)=O,94.01665989,100.0,100.0,100.0,100.0,100.0,100.0,100.0,100.0,100.0,38.16747077,37.94259547,41.7348107,42.55253905,42.00057241,41.87791316,48.14375664,57.02633085,74.81192248,97.07457683,0.8081884026999999,0.8,-21071.931921,0.7833656549453736,1.0,-19998.19015017152,2.422937659822075,1.7184526665199844,450.72359384338256,228.40281645911585,2
JWJ-01-568,O=C1C2=CC=C(NC(NC(C3=CC=C(OC)C=C3)(C)C)=O)C=C2CN1C4CCC(NC4=O)=O,50.47033285,50.77182827,56.25904486,54.81186686,58.24891462,61.02267246,64.03762663,82.24794983,89.24264351,92.37819585,15.01017044,14.22859948,13.91797513,13.92799527,15.44103648,17.7957695,21.49320133,34.34904157,58.1168148,86.31349012,0.9141140162999999,1.0,-21623.859023999998,0.7544377446174622,1.0,-20728.618199628592,-0.3945803563628433,-1.6235743028622693,295.6675032458991,121.12521103041182,2
JWJ-01-569,O=C1CCC(N2C(C(C=CC(NC(N(C)CC(C)(C)C3=CC=C(OC)C=C3)=O)=C4)=C4C2)=O)C(N1)=O,97.14676647,100.0,91.91516761,100.0,100.0,100.0,100.0,100.0,100.0,100.0,89.26323775,88.0131731,95.065262,100.0,91.49611187,99.28961843,91.22885666,100.0,95.35838061,93.37551942,0.7519101024,0.0,-21618.257572,0.7442860841751099,1.0,-20460.575948381425,-0.3659856527488912,-0.3971640722203659,447.49951074895466,427.9746634293049,0
JWJ-01-570,O=C1CCC(N2C(C(C=CC(NC(NC3(CCCC3)C(NCC4=CC=CC=C4)=O)=O)=C5)=C5C2)=O)C(N1)=O,83.815726,87.73516643,93.16208394,99.97588037,100.0,99.91558128,100.0,100.0,99.79498312,100.0,33.65765188,37.68574835,38.01641299,49.22895019,60.67195062,80.03086203,97.61620858,100.0,100.0,100.0,0.9108295859,1.0,-21634.314538,0.7726960897445678,1.0,-20407.290773957968,-0.4479544322206055,-0.15336115402219447,438.34851565683715,316.5684390360653,2
JWJ-01-571,O=C1CCC(N2C(C(C=CC(NC(NC3(CCCC3)C(NCCC4=CC=C(OC)C=C4)=O)=O)=C5)=C5C2)=O)C(N1)=O,84.3494708,93.00173045,88.73596523,99.03819067,100.0,100.0,99.7625659,100.0,100.0,100.0,29.98430953,33.21723537,36.88121799,44.77817818,55.14940428,76.73672776,87.6510854,97.96196355,95.11698881,96.34119006,0.7557165265,0.0,-21444.573933,0.7577078223228455,1.0,-20347.7984072268,0.5206473452306556,0.1188423768193792,438.4654361174991,296.7728600312655,2
JWJ-01-572,O=C1CCC(N2C(C(C=CC(NC(NC3(C4=CC=CC(OC5=CC=CC=C5)=C4)CCC3)=O)=C6)=C6C2)=O)C(N1)=O,64.27882296,63.61553304,63.91702846,62.71104679,62.16835504,64.03762663,73.20308731,84.05692233,90.20742885,96.17703811,22.3749737,20.03026082,19.91001914,19.69959619,22.25473201,25.93212357,32.10453011,40.60160923,60.93247427,85.73232197,0.8978956698999999,1.0,-21542.874916,0.7613025844097138,1.0,-20650.797373861074,0.018833266694289384,-1.267510076292714,323.90799387957884,148.99617622779004,2
JWJ-01-573,O=C1CCC(N2C(C(C=CC(NC(NC3(CCC3)C4=CC=CC5=C4C=C(OC)C=C5)=O)=C6)=C6C2)=O)C(N1)=O,45.59539619,81.61294217,80.72759467,79.72151797,84.79214455,88.85669443,88.85669443,95.81874522,100.0,100.0,40.79521355,39.4761798,41.37282963,38.34681104,39.60549684,45.90754694,49.38186458,61.54628688,73.85726848,85.19406176,0.9043295324,1.0,-21618.375296666665,0.7696009039878845,1.0,-20460.94580721855,-0.3665866222745399,-0.398856337748037,388.25753575921044,227.6856991914359,2
JWJ-01-574,O=C1CCC(N2C(C(C=CC(NC(NC3(CCCCC3)C4=CC=C(OC)C=C4)=O)=C5)=C5C2)=O)C(N1)=O,46.48074369,52.1550163,53.68425289,54.36838505,55.29397561,67.64859753,62.09505413,71.59241821,82.25683126,95.73825908,24.00124144,23.10464334,22.51840612,21.93216891,24.10469507,25.73408969,27.82902564,38.5795817,53.75278032,80.46105833,0.9092746972000001,1.0,-21427.707775,0.7746341347694397,1.0,-20664.579965278506,0.6067469474616836,-1.3305714445674828,286.72891235169925,146.08825351141806,2
JWJ-01-582,O=C1CCC(N2C(C(C=CC(NC(NC3(CCCC3)CNCC4=CC=CC=C4)=O)=C5)=C5C2)=O)C(N1)=O,90.50892426,90.32802701,91.29281235,92.98118669,94.66956102,96.78002894,96.84032803,98.16690786,100.0,100.0,61.51364242,67.66600868,66.67401477,75.80236275,82.58599786,95.01097205,98.0170142,94.51998517,97.78655097,98.02703434,0.9143689157000001,1.0,-21376.917611999997,0.7922804474830627,1.0,-20564.292302671074,0.8660243022421268,-0.8717116384860031,430.33595959088785,380.74166766772237,0
JWJ-01-583,O=C1CCC(N2C(C(C=CC(NC(NC3(CCCC3)CNCC4=CC=C(OC)C=C4)=O)=C5)=C5C2)=O)C(N1)=O,85.86589484,80.13748191,80.07718283,83.815726,92.98118669,94.85045827,98.52870236,98.0463097,100.0,100.0,69.99068127,74.3294021,69.7501979,79.72023768,92.19531258,97.73645027,98.03705448,99.48997485,100.0,100.0,0.8658717633,1.0,-21223.619067,0.775744354724884,1.0,-20399.242053099806,1.64859397502087,-0.11653474490907259,412.81118682217317,400.07157199590375,0
JWJ-01-584,O=C1CCC(N2C(C(C=CC(NC(N(C)C3(CCC3)C4=CC=C(OC)C=C4)=O)=C5)=C5C2)=O)C(N1)=O,87.37337192,89.3029426,89.12204534,91.17221418,91.4737096,93.22238302,94.30776652,100.0,100.0,99.8552822,58.1168148,53.89833565,53.12678484,55.48151785,54.57970521,61.93448832,73.17708594,82.56595757,95.76248259,99.17935049,0.7546788811,0.0,-21503.298749999998,0.7508487582206727,1.0,-20385.542054565252,0.22086458588560762,-0.05385127510392415,423.24947250339596,306.3865897571219,2
JWJ-01-585,COC1=CC=C(C2(CCC2)NS(NC3=CC(C4)=C(C=C3)C(N4C(C(N5)=O)CCC5=O)=O)(=O)=O)C=C1,80.31837916,92.80028944,94.91075736,97.92571153,100.0,100.0,100.0,100.0,99.79498312,99.79498312,73.28730749,88.67824327,94.49994489,95.31157627,100.0,100.0,100.0,100.0,100.0,100.0,0.7618761539000001,0.0,-22479.69203,0.7431503713130951,0.3,-21240.24058907926,-4.76349954903149,-3.96446992557947,439.8045951635946,434.54900717168965,0
JWJ-01-586,O=C1CCC(N2C(C(C=CC(NC(NC3(CCC3)C4=CC=C(OC)C=C4)=O)=C5)=C5C2)=O)C(N1)=O,53.88546823,65.43522878,63.94623526,63.50356151,64.79133969,67.20592378,78.71544127,92.92124432,88.45426375,96.66384965,14.75938411,14.90594341,15.1214718,16.74224529,15.42321155,19.25099574,22.00975913,33.73450351,49.04564029,75.09009087,0.9064448,1.0,-21674.798401,0.7601240456104279,1.0,-20599.808198042214,-0.6546194297307314,-1.0342123533207268,331.84613839795253,116.60707573081973,2
JWJ-01-591,O=C1C2=CC=C(NC3=C(NC4(CCC4)C5=CC=C(OC)C=C5)C(C3=O)=O)C=C2CN1C6CCC(NC6=O)=O,84.91287376,89.58106966,91.02982011,97.26749567,100.0,96.34190511,93.08221659,100.0,100.0,96.18093283,12.57823681,17.98368881,39.03650189,65.624084,81.48697346,96.09117713,93.4186251,100.0,99.05684777,99.28099729,0.7571946681,0.0,-20603.15454,0.7488565981388092,1.0,-19623.018642805517,4.815986867531459,3.4350259781458763,430.99630475390967,325.5933570671138,2
JWJ-01-594,O=C1C2=CC=CC(NC(NC3(CCC3)C4=CC=C(OC)C=C4)=O)=C2CN1C5CCC(NC5=O)=O,88.97742364,100.0,100.0,100.0,100.0,100.0,100.0,100.0,100.0,98.23332931,92.22890839,94.30660207,96.66879321,93.91865096,99.6948118,92.24615066,93.70312258,100.0,100.0,100.0,0.750228417,0.0,-21685.203711000002,0.7368690669536591,1.0,-20519.602011056246,-0.7077372205216551,-0.6672340585829175,448.9442618027416,435.5252708527861,0
